mutation,Ganciclovir,Aciclovir,Cidofovir,Foscarnet,Brincidofovir,Letermovir,Brivudine,Penciclovir,Tomeglovir,Maribavir,Cyclopropavir,Amenamevir,Pritelivir,comment
UL54:D301N,2.6,,3,0.5,,,,,,,,,,doi.org/10.1086/375743
UL54:C304S,1.3,,1.4,1.1,,,,,,,,,,doi.org/10.1016/j.jcv.2011.01.004
UL54:N408D,4.9,,5.6,1.3,,,,,,,,,,doi.org/10.1128/jvi.72.7.5927-5936.1998
UL54:N408K,4.2,,21,0.7,,,,,,,,,,doi.org/10.1128/AAC.00633-06
UL54:N408S,3.1,,7.5,1,,,,,,,,,,doi.org/10.1016/j.antiviral.2013.02.002
UL54:N410K,2.9,,3,0.8,,,,,,,,,,doi.org/10.1086/375743
UL54:F412C,4.2,,18,1.2,,,,,,,,,,doi.org/10.1128/jvi.72.7.5927-5936.1998
UL54:F412L,4.6,,9.4,1.1,,,,,,,,,,doi.org/10.1016/j.jcv.2011.01.004
UL54:F412S,5.3,,13,0.8,,,,,,,,,,doi.org/10.1016/j.jcv.2011.01.004
UL54:F412V,4.3,,15.5,1.1,,,,,,,,,,doi.org/10.1128/jvi.72.7.5927-5936.1998
UL54:D413A,6.5,,11,0.8,,,,,,,,,,doi.org/10.1016/j.jcv.2006.11.005
UL54:D413E,4.8,,4.3,0.8,,,,,,,,,,doi.org/10.1086/375743
UL54:D413N,3.8,,10,1,,,,,,,,,,doi.org/10.1128/AAC.03214-14
UL54:P488R,3.5,,7.9,0.6,,,,,,,,,,doi.org/10.1128/AAC.00334-11
UL54:N495K,1.1,,1.1,3.4,,,,,,,,,,doi.org/10.1177/1359653506011004
UL54:K500N,3.2,,3,1.2,,,,,,,,,,doi.org/10.1128/aac.00334-11
UL54:L501I,6,,9.1,1.4,,,,,,,,,,doi.org/10.1128/jvi.72.7.5927-5936.1998
UL54:T503I,2.9,,6.1,0.5,,,,,,,,,,doi.org/10.1086/375743
UL54:A505V,1.8,,2,1.1,,,,,,,,,,doi.org/10.1093/infdis/jit654
UL54:K513E,5,,9.1,1.4,,,,,,,,,,doi.org/10.1128/jvi.72.7.5927-5936.1998
UL54:K513N,6,,12.5,1.5,,,,,,,,,,doi.org/10.1006/viro.1998.9299
UL54:K513N,9.8,,34,3,,,,,,,,,,doi.org/10.1006/viro.1998.9299
UL54:K513R,3.7,,10,1.1,,,,,,,,,,doi.org/10.1128/AAC.03214-14
UL54:D515E,2.7,,,4.6,,,,,,,,,,doi.org/10.1182/blood.V96.9.3286
UL54:D515G,1,,1,1.2,,,,,,,,,,doi.org/10.1086/375743
UL54:D515Y,6.2,,0.9,4.7,,,,,,,,,,doi.org/10.1016/j.antiviral.2016.02.004
UL54:L516R,2.1,,5.1,0.8,,,,,,,,,,doi.org/10.1086/375743
UL54:I521T,3,,3.9,1,,,,,,,,,,doi.org/10.1016/j.jcv.2008.04.005.
UL54:P522A,3,,4.1,1,,,,,,,,,,doi.org/10.1016/j.jcv.2008.04.005.
UL54:P522L,1.3,,1.2,1.4,,,,,,,,,,doi.org/10.1016/j.jcv.2008.04.005.
UL54:P522S,3.1,,3.6,1.1,,,,,,,,,,doi.org/10.1128/jvi.72.7.5927-5936.1998
UL54:524-,3.5,,9.7,1.1,,,,,,,,,,doi.org/10.1016/j.antiviral.2013.02.002
UL54:V526L,5.5,,2.5,1.8,,,,,,,,,,doi.org/10.1128/jcm.02205-14
UL54:C539G,3.1,,4.4,1,,,,,,,,,,doi.org/10.1128/AAC.03214-14
UL54:C539R,3.2,,13.3,0.7,,,,,,,,,,doi.org/10.1128/aac.00334-11
UL54:D542E,1.5,,12,1.7,,,,,,,,,,doi.org/10.1128/AAC.00062-13
UL54:V544A,1,,1.1,0.9,,,,,,,,,,doi.org/10.1016/j.jcv.2011.01.004
UL54:L545S,3.5,,9.1,1.2,,,,,,,,,,doi.org/10.1128/jvi.72.7.5927-5936.1998
UL54:L545W,4.9,,6.3,1.3,,,,,,,,,,doi.org/10.1016/j.jcv.2011.01.004
UL54:T552N,1.9,,1.2,2.6,,,,,,,,,,doi.org/10.1128/aac.00334-11
UL54:Q578H,3.3,,2.3,4.5,,,,,,,,,,doi.org/10.1016/j.jcv.2011.01.004
UL54:S585A,1.5,,1.4,2.7,,,,,,,,,,doi.org/10.1128/aac.00334-11
UL54:D588E,1.3,,1.1,2.3,,,,,,,,,,doi.org/10.1128/jvi.72.7.5927-5936.1998
UL54:D588N,2,,1.3,2.8,,,,,,,,,,doi.org/10.1016/j.jcv.2011.01.004
UL54:D588N,3.8,,2.7,9,,,,,,,,,,doi.org/10.1016/S1386-6532(01)00160-3
UL54:F595I,1.3,,1.2,2,,,,,,,,,,doi.org/10.1128/aac.00334-11
UL54:A692S,1.6,,1.7,3.3,,,,,,,,,,doi.org/10.1086/375743
UL54:T700A,1.2,,1.3,5.8,,,,,,,,,,doi.org/10.1128/jvi.72.7.5927-5936.1998
UL54:A714V,0.8,,0.7,0.8,,,,,,,,,,doi.org/10.1016/j.jcv.2011.01.004
UL54:V715M,1.3,,1.1,9.5,,,,,,,,,,doi.org/10.1128/jvi.72.7.5927-5936.1998
UL54:I726V,1.9,,1.9,1.2,,,,,,,,,,doi.org/10.1093/infdis/jit654
UL54:E756D,1.2,,0.7,3.4,,,,,,,,,,doi.org/10.1086/375743
UL54:E756K,8.1,,2.7,8,,,,,,,,,,doi.org/10.1128/jcm.02205-14
UL54:E756Q,1.7,,1,4.3,,,,,,,,,,doi.org/10.1086/368385
UL54:L773V,3,,2.5,4.4,,,,,,,,,,doi.org/10.1128/AAC.03214-14
UL54:L776M,2.5,,1,3.5,,,,,,,,,,doi.org/10.1086/587106
UL54:V781I,1,,1.2,5.2,,,,,,,,,,doi.org/10.1128/jvi.72.7.5927-5936.1998
UL54:V787A,4.7,,0.7,3.2,,,,,,,,,,doi.org/10.1016/j.antiviral.2016.02.004
UL54:V787L,2.4,,1,4.1,,,,,,,,,,doi.org/10.1086/368385
UL54:L802M,1.1,,0.9,3.2,,,,,,,,,,doi.org/10.1128/jvi.72.7.5927-5936.1998
UL54:L802V,1.8,,1.1,0.9,,,,,,,,,,doi.org/10.1128/aac.00334-11
UL54:K805Q,1,,2.2,0.18,,,,,,,,,,doi.org/10.1128/jvi.72.7.5927-5936.1998
UL54:A809V,2.4,,1.9,3.3,,,,,,,,,,doi.org/10.1128/AAC.00736-07
UL54:A809V,,,,3.6,,,,,,,,,,doi.org/10.1093/infdis/jit654
UL54:V812L,2.5,,3.2,2.9,,,,,,,,,,doi.org/10.1006/viro.1998.9299
UL54:T813S,2.5,,2.7,4.9,,,,,,,,,,doi.org/10.1128/AAC.00736-07
UL54:T821I,4.5,,1.9,21,,,,,,,,,,doi.org/10.1128/jvi.72.7.5927-5936.1998
UL54:P829S,2,,1.6,1.1,,,,,,,,,,doi.org/10.1128/aac.00334-11
UL54:A834P,5.4,,3,6.4,,,,,,,,,,doi.org/10.1128/AAC.00633-06
UL54:A834P,22.7,,18.8,7.2,,,,,,,,,,doi.org/10.1128/AAC.00633-06
UL54:T838A,1.8,,0.8,2.4,,,,,,,,,,doi.org/10.1128/JCM.43.1.208-213.2005
UL54:G841A,3.2,,2.6,4.3,,,,,,,,,,doi.org/10.1128/AAC.00736-07
UL54:M844T,1.4,,1.3,2.5,,,,,,,,,,doi.org/10.1128/AAC.05559-11
UL54:M844V,2.3,,1.6,2.2,,,,,,,,,,doi.org/10.1128/AAC.05559-11
UL54:L862F,1.7,,0.9,1.1,,,,,,,,,,doi.org/10.1128/aac.00334-11
UL54:V946L,1.1,,0.9,2.4,,,,,,,,,,doi.org/10.1128/aac.00334-11
UL54:L957F,2.7,,1.4,1.3,,,,,,,,,,doi.org/10.1128/aac.00334-11
UL54:G971D,1.4,,1,1.2,,,,,,,,,,doi.org/10.1086/375743
UL54:981-,8.3,,2.8,3.6,,,,,,,,,,doi.org/10.1086/375743
UL54:982-,8.3,,2.8,3.6,,,,,,,,,,doi.org/10.1086/375743
UL54:A987G,5.1,,4.5,,,,,,,,,,,doi.org/10.1093/infdis/jit654
UL54:A987G,5.3,,11.3,1.2,,,,,,,,,,doi.org/10.1128/jvi.72.7.5927-5936.1998
UL54:L802M,1.7,,1,2.7,,,,,,,,,,doi.org/10.1128/aac.00334-11
UL54:P488R,7.5,,7.4,1,,,,,,,,,,doi.org/10.1128/aac.00334-11
UL54:C539R,6.3,,,,,,,,,,,,,doi.org/10.1128/aac.00334-11
UL54:C539R,59,,7.4,,,,,,,,,,,doi.org/10.1128/aac.00334-11
UL54:C539R,28,,,,,,,,,,,,,doi.org/10.1128/aac.00334-11
UL54:F595I,28,,,,,,,,,,,,,doi.org/10.1128/aac.00334-11
UL54:C539R,79,,13,6.3,,,,,,,,,,doi.org/10.1128/aac.00334-11
UL54:F595I,79,,13,6.3,,,,,,,,,,doi.org/10.1128/aac.00334-11
UL54:S676G,1.1,,1.2,0.9,,,,,,,,,,doi.org/10.1128/jvi.72.7.5927-5936.1998
UL54:V759M,1.5,,1.1,1.1,,,,,,,,,,doi.org/10.1128/jvi.72.7.5927-5936.1998
UL54:F412C,6.2,,16,3.1,,,,,,,,,,doi.org/10.1128/jvi.72.7.5927-5936.1998
UL54:K513E,6.6,,11.1,2.7,,,,,,,,,,doi.org/10.1128/jvi.72.7.5927-5936.1998
UL54:K805Q,4.3,,2.1,10.1,,,,,,,,,,doi.org/10.1128/jvi.72.7.5927-5936.1998
UL54:L545S,5,,11.9,1,,,,,,,,,,doi.org/10.1128/aac.00334-11
UL54:D879G,1.2,,0.9,0.9,,,,,,,,,,doi.org/10.1128/aac.00334-11
UL54:L545S,7.3,,4.5,1.8,,,,,,,,,,doi.org/10.1128/aac.00334-11
UL54:N408D,4,,4.2,1.3,,,,,,,,,,doi.org/10.1128/aac.00334-11
UL54:N408D,4.2,,1.9,4,,,,,,,,,,doi.org/10.1128/aac.00334-11
UL54:N408D,4.9,,4.5,3.3,,,,,,,,,,doi.org/10.1128/aac.00334-11
UL54:T552N,1.6,,0.9,5.5,,,,,,,,,,doi.org/10.1128/aac.00334-11
UL54:N757K,1.3,,0.8,1.3,,,,,,,,,,doi.org/10.1128/aac.00334-11
UL54:L802M,1.7,,1,2.7,,,,,,,,,,doi.org/10.1128/aac.00334-11
UL54:L926V,1.3,,1.1,0.9,,,,,,,,,,doi.org/10.1128/aac.00334-11
UL54:K500N,2.4,,2.4,2.7,,,,,,,,,,doi.org/10.1128/aac.00334-11
UL54:V787L,1.8,,0.9,2.4,,,,,,,,,,doi.org/10.1128/aac.00334-11
UL97:590-,4.8,,1,,,,,,,,,,,doi.org/10.1128/AAC.49.12.4860-4866.2005
UL97:591-,4.8,,1,,,,,,,,,,,doi.org/10.1128/AAC.49.12.4860-4866.2005
UL97:592-,4.8,,1,,,,,,,,,,,doi.org/10.1128/AAC.49.12.4860-4866.2005
UL97:593-,4.8,,1,,,,,,,,,,,doi.org/10.1128/AAC.49.12.4860-4866.2005
UL54:L545S,7.4,,16,1.5,,,,,,,,,,doi.org/10.1128/AAC.49.12.4860-4866.2005
UL54:L545S,16,,6.5,1.3,,,,,,,,,,doi.org/10.1128/AAC.49.12.4860-4866.2005
UL54:T552N,3.2,,2.1,5.8,,,,,,,,,,doi.org/10.1128/AAC.49.12.4860-4866.2005
UL54:L737M,1.1,,2,1,,,,,,,,,,doi.org/10.1128/AAC.00633-06
UL54:A834P,6.1,,6,7.7,,,,,,,,,,doi.org/10.1128/AAC.00633-06
UL54:Q229K,1.2,,1,1.2,,,,,,,,,,doi.org/10.1093/infdis/jit654
UL54:D247N,0.9,,0.9,1.3,,,,,,,,,,doi.org/10.1093/infdis/jit654
UL54:D262N,1.1,,1,1.2,,,,,,,,,,doi.org/10.1093/infdis/jit654
UL54:T271A,1,,0.7,0.9,,,,,,,,,,doi.org/10.1093/infdis/jit654
UL54:V284E,1.2,,1.1,1.2,,,,,,,,,,doi.org/10.1093/infdis/jit654
UL54:D288N,1.2,,1.2,1.2,,,,,,,,,,doi.org/10.1093/infdis/jit654
UL54:F396L,1.4,,0.9,0.9,,,,,,,,,,doi.org/10.1093/infdis/jit654
UL54:L424V,1.3,,1.3,1.2,,,,,,,,,,doi.org/10.1093/infdis/jit654
UL54:T437M,1,,1,0.8,,,,,,,,,,doi.org/10.1093/infdis/jit654
UL54:F460L,1.2,,1.2,1.2,,,,,,,,,,doi.org/10.1093/infdis/jit654
UL54:A505V,1.9,,1.9,1,,,,,,,,,,doi.org/10.1093/infdis/jit654
UL54:A543S,1,,1,1,,,,,,,,,,doi.org/10.1093/infdis/jit654
UL54:S612N,0.9,,1,0.7,,,,,,,,,,doi.org/10.1093/infdis/jit654
UL54:V654G,1.1,,1.1,1.1,,,,,,,,,,doi.org/10.1093/infdis/jit654
UL54:S660G,1,,0.9,1.1,,,,,,,,,,doi.org/10.1093/infdis/jit654
UL54:S660N,1.2,,1,0.8,,,,,,,,,,doi.org/10.1093/infdis/jit654
UL54:G667N,0.9,,0.8,1,,,,,,,,,,doi.org/10.1093/infdis/jit654
UL54:A692G,0.8,,0.9,1,,,,,,,,,,doi.org/10.1093/infdis/jit654
UL54:I726T,2,,1.7,1.1,,,,,,,,,,doi.org/10.1093/infdis/jit654
UL54:E793V,0.9,,0.7,1.1,,,,,,,,,,doi.org/10.1093/infdis/jit654
UL54:Q795P,0.9,,0.9,1.1,,,,,,,,,,doi.org/10.1093/infdis/jit654
UL54:Q795R,1,,0.9,1,,,,,,,,,,doi.org/10.1093/infdis/jit654
UL54:G841S,2.2,,1.1,2.1,,,,,,,,,,doi.org/10.1093/infdis/jit654
UL54:P859A,0.8,,1,0.8,,,,,,,,,,doi.org/10.1093/infdis/jit654
UL54:V902G,1.2,,1,1,,,,,,,,,,doi.org/10.1093/infdis/jit654
UL54:E903G,1.1,,1,0.9,,,,,,,,,,doi.org/10.1093/infdis/jit654
UL54:K947E,1,,1,1.1,,,,,,,,,,doi.org/10.1093/infdis/jit654
UL54:M959T,1.2,,0.9,1.2,,,,,,,,,,doi.org/10.1093/infdis/jit654
UL54:N345S,1.2,,0.7,0.9,,,,,,,,,,doi.org/10.1093/infdis/jit654
UL54:V476G,0.9,,0.8,0.4,,,,,,,,,,doi.org/10.1093/infdis/jit654
UL54:Q578L,1.9,,0.8,3,,,,,,,,,,doi.org/10.1093/infdis/jit654
UL97:L405P,2.5,,,,,,,,,,,,,doi.org/10.1128/AAC.00186-10
UL97:M460I,2.2,,1,1,,,,,,,,,,doi.org/10.1086/342844
UL97:M460T,9.3,,,,,,,,,,,,,doi.org/10.1128/AAC.00186-10
UL97:M460V,8.3,,,,,,,,,,,,,doi.org/10.1128/AAC.00186-10
UL97:V466G,3.5,,,,,,,,,,,,,doi.org/10.1016/j.jcv.2010.01.009
UL97:C518Y,12,,,,,,,,,,,,,doi.org/10.1007/s00705-012-1479-4
UL97:A591V,1.3,,,,,,,,,,,,,doi.org/10.1086/338362
UL97:C592G,4.05,,,,,,,,,,,,,doi.org/10.1128/AAC.00186-10
UL97:A594E,3,,,,,,,,,,,,,doi.org/10.1128/AAC.00186-10
UL97:A594G,13.5,,,,,,,,,,,,,doi.org/10.1016/S0166-0934(97)00093-1
UL97:A594T,2.7,,,,,,,,,,,,,doi.org/10.1086/338362
UL97:A594V,6.4,,,,,,,,,,,,,doi.org/10.1128/jcm.02205-14
UL97:L595F,11.4,,,,,,,,,,,,,doi.org/10.1128/jcm.02205-14
UL97:L595S,5.5,,,,,,,,,,,,,doi.org/10.1172/jci117648
UL97:L595W,5.1,,,,,,,,,,,,,doi.org/10.1086/338362
UL97:595-,8.4,,,,,,,,,,,,,doi.org/10.1128/aac.44.1.183-185.2000
UL97:596-,8.4,,,,,,,,,,,,,doi.org/10.1128/aac.44.1.183-185.2000
UL97:597-,8.4,,,,,,,,,,,,,doi.org/10.1128/aac.44.1.183-185.2000
UL97:598-,8.4,,,,,,,,,,,,,doi.org/10.1128/aac.44.1.183-185.2000
UL97:599-,8.4,,,,,,,,,,,,,doi.org/10.1128/aac.44.1.183-185.2000
UL97:600-,8.4,,,,,,,,,,,,,doi.org/10.1128/aac.44.1.183-185.2000
UL97:601-,8.4,,,,,,,,,,,,,doi.org/10.1128/aac.44.1.183-185.2000
UL97:602-,8.4,,,,,,,,,,,,,doi.org/10.1128/aac.44.1.183-185.2000
UL97:603-,8.4,,,,,,,,,,,,,doi.org/10.1128/aac.44.1.183-185.2000
UL97:E596G,2.3,,,,,,,,,,,,,doi.org/10.1086/338362
UL97:E596Y,6.4,,,,,,,,,,,,,https://www.sciencedirect.com/science/article/abs/pii/S1386653215002759
UL97:K599T,5.3,,,,,,,,,,,,,doi.org/10.1016/S0166-3542(98)00051-5
UL97:600-,1.9,,,,,,,,,,,,,doi.org/10.1086/338362
UL97:C603S,1.9,,,,,,,,,,,,,doi.org/10.1128/AAC.00186-10
UL97:C603W,7.9,,,,,,,,,,,,,doi.org/10.1128/AAC.00186-10
UL97:C607Y,12.5,,,,,,,,,,,,,doi.org/10.1128/aac.42.2.444
UL97:A613V,2.3,,,,,,,,,,,,,doi.org/10.1016/j.antiviral.2013.09.026
UL97:E655K,1.7,,,,,,,,,,,,,doi.org/10.1128/jcm.02205-14
UL89:D344E,,,,,,1.8,,,1.7,,,,,doi.org/10.1128/AAC.01325-17
UL89:C347S,,,,,,0.6,,,0.3,,,,,doi.org/10.1128/AAC.01325-17
UL89:R351H,,,,,,0.7,,,0.4,,,,,doi.org/10.1128/AAC.01325-17
UL56:E769D,,,,,,1,,,0.8,,,,,doi.org/10.1128/AAC.01325-17
UL56:Q204R,,,,,,1.5,,,2.7,,,,,doi.org/10.1128/AAC.01325-17
UL56:Q204R,,,,,,2.5,,,5.8,,,,,doi.org/10.1128/AAC.01325-17
UL56:N232Y,,,,,,17,,,2.7,,,,,doi.org/10.1128/AAC.01325-17
UL56:K258E,,,,,,14,,,0.3,,,,,doi.org/10.1128/AAC.01325-17
UL56:F261L,,,,,,2.5,,,1,,,,,doi.org/10.1128/AAC.01325-17
UL56:F261L,,,,,,4.8,,,2.1,,,,,doi.org/10.1128/AAC.01325-17
UL56:M329T,,,,,,4.5,,,1.1,,,,,doi.org/10.1128/AAC.01325-17
UL56:M329T,,,,,,8,,,2.2,,,,,doi.org/10.1128/AAC.01325-17
UL56:E237D,,,,,,16,,,0.3,,,,,doi.org/10.1128/AAC.01325-17
UL56:E237D,,,,,,34,,,0.6,,,,,doi.org/10.1128/AAC.01325-17
UL89:N320H,,,,,,1.8,,,6.5,,,,,doi.org/10.1128/AAC.01325-17
UL89:M359I,,,,,,1.5,,,7.4,,,,,doi.org/10.1128/AAC.01325-17
UL89:I334V,,,,,,1.1,,,0.9,,,,,doi.org/10.1128/AAC.01325-17
UL89:N329S,,,,,,2,,,15,,,,,doi.org/10.1128/AAC.01325-17
UL89:T350M,,,,,,2.8,,,8.7,,,,,doi.org/10.1128/AAC.01325-17
UL89:V362M,,,,,,1.2,,,98,,,,,doi.org/10.1128/AAC.01325-17
UL89:H389N,,,,,,1.1,,,29,,,,,doi.org/10.1128/AAC.01325-17
UL89:N405D,,,,,,1,,,15,,,,,doi.org/10.1128/AAC.01325-17
UL89:I334V,,,,,,1.2,,,12,,,,,doi.org/10.1128/AAC.01325-17
UL56:L208M,,,,,,0.8,,,3.4,,,,,doi.org/10.1128/AAC.01325-17
UL56:E407D,,,,,,1.3,,,6,,,,,doi.org/10.1128/AAC.01325-17
UL56:H637Q,,,,,,0.9,,,2,,,,,doi.org/10.1128/AAC.01325-17
UL56:V639M,,,,,,1,,,10,,,,,doi.org/10.1128/AAC.01325-17
UL56:H637Q,,,,,,1.2,,,17,,,,,doi.org/10.1128/AAC.01325-17
UL56:L764M,,,,,,1.1,,,0.4,,,,,doi.org/10.1128/AAC.01325-17
UL54:981-,7.3,,3.8,3.1,,,,,,,,,,doi.org/10.1128/AAC.00922-18
UL54:982-,7.3,,3.8,3.1,,,,,,,,,,doi.org/10.1128/AAC.00922-18
UL56:C25F,,,,,,5.4,,,,,,,,doi.org/10.1128/AAC.00922-18
UL56:L51M,,,,,,0.8,,,,,,,,doi.org/10.1128/AAC.01623-15
UL56:S229F,,,,,,1.8,,,,,,,,doi.org/10.1016/j.antiviral.2017.10.019
UL56:V231A,,,,,,2.1,,,,,,,,doi.org/10.1128/AAC.01623-15
UL56:V231L,,,,,,5.1,,,,,,,,doi.org/10.1128/AAC.01623-15
UL56:N232Y,,,,,,17,,,,,,,,doi.org/10.1128/AAC.01325-17
UL56:V236A,,,,,,2.9,,,,,,,,doi.org/10.1128/AAC.00922-18
UL56:V236L,,,,,,14,,,,,,,,doi.org/10.1128/AAC.01623-15
UL56:V236M,,,,,,32,,,,,,,,doi.org/10.1016/j.antiviral.2017.10.019
UL56:E237D,,,,,,10,,,,,,,,doi.org/10.1128/AAC.01623-15
UL56:L241P,,,,,,96,,,,,,,,doi.org/10.1128/AAC.01623-15
UL56:T244K,,,,,,3.3,,,,,,,,doi.org/10.1128/AAC.01623-15
UL56:L254F,,,,,,3.2,,,,,,,,doi.org/10.1016/j.antiviral.2017.10.019
UL56:L257F,,,,,,8.6,,,,,,,,doi.org/10.1016/j.antiviral.2017.10.019
UL56:L257I,,,,,,4.9,,,,,,,,doi.org/10.1128/AAC.01623-15
UL56:F261C,,,,,,4.4,,,,,,,,doi.org/10.1128/AAC.01623-15
UL56:F261L,,,,,,2.8,,,,,,,,doi.org/10.1128/AAC.01623-15
UL56:Y321C,,,,,,4.6,,,,,,,,doi.org/10.1128/AAC.01623-15
UL56:C325F,,,,,,3000,,,,,,,,doi.org/10.1128/AAC.01623-15
UL56:C325R,,,,,,3000,,,,,,,,doi.org/10.1128/AAC.01623-15
UL56:C325Y,,,,,,3000,,,,,,,,doi.org/10.1128/AAC.01623-15
UL56:C325W,,,,,,9300,,,,,,,,doi.org/10.1128/AAC.00922-18
UL56:L328V,,,,,,1.9,,,,,,,,doi.org/10.1128/AAC.00922-18
UL56:M329T,,,,,,4.4,,,,,,,,doi.org/10.1128/AAC.01623-15
UL56:A365S,,,,,,2,,,,,,,,doi.org/10.1128/AAC.00922-18
UL56:N368D,,,,,,2,,,,,,,,doi.org/10.1016/j.antiviral.2017.10.019
UL56:V231L,,,,,,5,,,,,,,,doi.org/10.1128/AAC.01794-13
UL56:L241P,,,,,,218,,,,,,,,doi.org/10.1128/AAC.01794-13
UL56:V236M,,,,,,45,,,,,,,,doi.org/10.1128/AAC.01794-13
UL56:R369G,,,,,,44,,,,,,,,doi.org/10.1128/AAC.01794-13
UL56:R369M,,,,,,13,,,,,,,,doi.org/10.1128/AAC.01794-13
UL56:R369S,,,,,,48,,,,,,,,doi.org/10.1128/AAC.01794-13
UL56:C25F,,,,,,46,,,,,,,,doi.org/10.1128/AAC.00922-18
UL56:T244K,,,,,,8.2,,,,,,,,doi.org/10.1128/AAC.01623-15
UL56:E237D,,,,,,104,,,,,,,,doi.org/10.1128/AAC.01623-15
UL56:V236L,,,,,,260,,,,,,,,doi.org/10.1128/AAC.01623-15
UL56:V236M,,,,,,3000,,,,,,,,doi.org/10.1128/AAC.01623-15
UL56:S229F,,,,,,54,,,,,,,,doi.org/10.1016/j.antiviral.2017.10.019
UL56:E237D,,,,,,34,,,,,,,,doi.org/10.1016/j.antiviral.2017.10.019
UL56:F261L,,,,,,4.8,,,,,,,,doi.org/10.1016/j.antiviral.2017.10.019
UL56:M329T,,,,,,8,,,,,,,,doi.org/10.1016/j.antiviral.2017.10.019
UL56:Q204R,,,,,,2.5,,,,,,,,doi.org/10.1016/j.antiviral.2017.10.019
UL51:P91S,,,,,,2.1,,,,,,,,doi.org/10.1016/j.antiviral.2017.10.019
UL51:P91S,,,,,,6.3,,,,,,,,doi.org/10.1016/j.antiviral.2017.10.019
UL51:P91S,,,,,,28,,,,,,,,doi.org/10.1016/j.antiviral.2017.10.019
UL51:P91S,,,,,,126,,,,,,,,doi.org/10.1016/j.antiviral.2017.10.019
UL51:P91S,,,,,,4,,,,,,,,doi.org/10.1016/j.antiviral.2017.10.019
UL97:L337M,1,,,,,,,,,3.5,,,,doi.org/10.1016/j.antiviral.2012.05.013
UL97:F342S,7.8,,,,,,,,,18,17,,,doi.org/10.1128/AAC.00511-13
UL97:V353A,1,,,,,,,,,14,,,,doi.org/10.1086/518514
UL97:355-,16,,,,,,,,,304,23,,,doi.org/10.1128/AAC.00511-13
UL97:V356G,5.5,,,,,,,,,108,7,,,doi.org/10.1128/AAC.00511-13
UL97:L397R,1.5,,,,,,,,,200,,,,doi.org/10.1086/518514
UL97:T409M,0.9,,,,,,,,,81,,,,doi.org/10.1086/518514
UL97:H411L,0.7,,,,,,,,,69,,,,doi.org/10.1128/JVI.01787-07
UL97:H411N,1,,,,,,,,,9,,,,doi.org/10.1128/JVI.01787-07
UL97:H411Y,0.5,,,,,,,,,12,,,,doi.org/10.1128/JVI.01787-07
UL97:D456N,12,,,,,,,,,278,,,,doi.org/10.1128/aac.01726-13
UL97:V466G,11,,,,,,,,,321,17,,,doi.org/10.1128/AAC.00511-13
UL97:C480R,9,,,,,,,,,243,,,,doi.org/10.1128/aac.01726-13
UL97:P521L,17,,,,,,,,,445,20,,,doi.org/10.1128/AAC.00511-13
UL97:617-,10,,,,,,,,,372,22,,,doi.org/10.1128/aac.01726-13
UL97:V353A,1,,,,,,,,,227,,,,doi.org/10.1128/JVI.01787-07
UL97:V353A,0.7,,,,,,,,,164,,,,doi.org/10.1128/JVI.01787-07
UL27:E22*,,,,,,,,,,2,,,,doi.org/10.1128/AAC.01177-08
UL27:W153R,,,,,,,,,,1.7,,,,doi.org/10.1128/AAC.01177-08
UL27:L193F,,,,,,,,,,2.6,,,,doi.org/10.1128/AAC.01177-08
UL27:218-,,,,,,,,,,2.5,,,,doi.org/10.1128/AAC.01177-08
UL27:R233S,,,,,,,,,,1.8,,,,doi.org/10.1016/j.antiviral.2012.05.013
UL27:A269T,,,,,,,,,,2,,,,doi.org/10.1128/AAC.01177-08
UL27:301-,,,,,,,,,,3.1,,,,doi.org/10.1128/AAC.01177-08
UL27:302-,,,,,,,,,,3.1,,,,doi.org/10.1128/AAC.01177-08
UL27:303-,,,,,,,,,,3.1,,,,doi.org/10.1128/AAC.01177-08
UL27:304-,,,,,,,,,,3.1,,,,doi.org/10.1128/AAC.01177-08
UL27:305-,,,,,,,,,,3.1,,,,doi.org/10.1128/AAC.01177-08
UL27:306-,,,,,,,,,,3.1,,,,doi.org/10.1128/AAC.01177-08
UL27:307-,,,,,,,,,,3.1,,,,doi.org/10.1128/AAC.01177-08
UL27:308-,,,,,,,,,,3.1,,,,doi.org/10.1128/AAC.01177-08
UL27:309-,,,,,,,,,,3.1,,,,doi.org/10.1128/AAC.01177-08
UL27:310-,,,,,,,,,,3.1,,,,doi.org/10.1128/AAC.01177-08
UL27:311-,,,,,,,,,,3.1,,,,doi.org/10.1128/AAC.01177-08
UL27:L335P,1.2,,,,,,,,,23,,,,doi.org/10.1128/jvi.77.21.11499-11506.2003
UL27:V353E,,,,,,,,,,2.1,,,,doi.org/10.1128/AAC.01177-08
UL27:W362R,,,,,,,,,,1.9,,,,doi.org/10.1128/AAC.01177-08
UL27:W362*,,,,,,,,,,2.2,,,,doi.org/10.1128/AAC.01177-08
UL27:L426F,,,,,,,,,,2.2,,,,doi.org/10.1128/AAC.01177-08
UL27:C415*,,,,,,,,,,3.5,,,,doi.org/10.1128/jvi.78.13.7124-7130.2004
UL27:R233S,,,,,,,,,,7.2,,,,doi.org/10.1016/j.antiviral.2012.05.013
UL27:R233S,,,,,,,,,,27,,,,doi.org/10.1016/j.antiviral.2012.05.013
UL97:F342Y,6,,,,,,,,,4.5,,,,doi.org/10.1016/j.antiviral.2019.104616
UL97:C592G,3,,,,,,,,,,,,,doi.org/10.1016/j.antiviral.2019.104616
UL97:H411Y,,,,,,,,,,18,,,,doi.org/10.1016/j.antiviral.2019.104616
UL97:T409M,,,,,,,,,,90,,,,doi.org/10.1016/j.antiviral.2019.104616
UL97:K359E,3.8,,,,,,,,,1.2,,,,doi.org/10.1016/j.antiviral.2019.104616
UL97:K359Q,3.7,,,,,,,,,1.3,,,,doi.org/10.1016/j.antiviral.2019.104616
UL97:F342Y,5.9,,,,,,,,,56,,,,doi.org/10.1016/j.antiviral.2019.104616
UL54:L516W,Resistant,,Resistant,,,,,,,,,,,doi.org/10.1016/j.antiviral.2016.04.002
UL54:V715A,,,Polymorphism,Resistant,,,,,,,,,,doi.org/10.1016/j.antiviral.2016.04.002
UL56:V236M,1,,1.9,1.1,,46,,,,,,,,doi.org/10.1093/infdis/jiv352
UL56:D414N,0.4,,0.3,0.4,,0.9,,,,,,,,doi.org/10.1093/infdis/jiv352
UL56:S227I,0.4,,0.3,0.4,,0.2,,,,,,,,doi.org/10.1093/infdis/jiv352
UL56:R410G,0.8,,0.2,0.4,,0.4,,,,,,,,doi.org/10.1093/infdis/jiv352
UL54:V787A,2.9,,1.3,5.25,,,,,,,,,,doi.org/10.1093/infdis/jiz298
UL54:V787E,8.5,,2.9,3.4,,,,,,,,,,doi.org/10.1093/infdis/jiz298
UL54:V787K,3.2,,1.8,9.4,,,,,,,,,,doi.org/10.1093/infdis/jiz298
UL97:M460I,7.8,,,,,,,,,,12,,,doi.org/10.1128/AAC.01259-10
UL97:M460T,9.3,,,,,,,,,,10,,,doi.org/10.1128/AAC.01259-10
UL97:M460V,8.3,,,,,,,,,,4,,,doi.org/10.1128/AAC.01259-10
UL97:H520Q,7.8,,,,,,,,,,20,,,doi.org/10.1128/AAC.01259-10
UL97:C592G,3,,,,,,,,,,3.3,,,doi.org/10.1128/AAC.01259-10
UL97:A594V,8.6,,,,,,,,,,4.5,,,doi.org/10.1128/AAC.01259-10
UL97:L595S,8.5,,,,,,,,,,1.3,,,doi.org/10.1128/AAC.01259-10
UL97:C603R,8.3,,,,,,,,,,8.4,,,doi.org/10.1128/AAC.01259-10
UL97:C603S,1.9,,,,,,,,,,2.8,,,doi.org/10.1128/AAC.01259-10
UL97:C603W,7.9,,,,,,,,,,4.6,,,doi.org/10.1128/AAC.01259-10
UL54:D515Y,3.2,,2.6,,,,,,,,,,,doi.org/10.1111/ajt.15135
UL54:L516P,4.4,,5.9,,,,,,,,,,,doi.org/10.1111/ajt.15135
UL54:981-,7,,3.2,2.7,,,,,,,,,,doi.org/10.1111/ajt.15135
UL54:982-,7,,3.2,2.7,,,,,,,,,,doi.org/10.1111/ajt.15135
UL54:A543P,4.7,,16,0.6,,,,,,,,,,doi.org/10.1128/AAC.00922-18
UL54:S290R,1.7,,1.4,2.3,,,,,,,,,,doi.org/10.1016/j.antiviral.2016.12.003
UL54:K426E,1.1,,1,1.1,,,,,,,,,,doi.org/10.1016/j.antiviral.2016.12.003
UL54:N495K,1.3,,1,2.6,,,,,,,,,,doi.org/10.1016/j.antiviral.2016.12.003
UL54:N495K,1.7,,1.2,3.5,,,,,,,,,,doi.org/10.1016/j.antiviral.2016.12.003
UL54:T552N,1.8,,1,2.5,,,,,,,,,,doi.org/10.1016/j.antiviral.2016.12.003
UL54:Q783R,1.8,,0.9,1.7,,,,,,,,,,doi.org/10.1016/j.antiviral.2016.12.003
UL54:V798A,1.5,,1.1,1.7,,,,,,,,,,doi.org/10.1016/j.antiviral.2016.12.003
UL54:E951D,1.8,,1.2,3.9,,,,,,,,,,doi.org/10.1016/j.antiviral.2016.12.003
UL54:T419M,1,,,8,,,,,,,,,,doi.org/10.1016/S1386-6532(02)00046-X
UL54:Q578H,2,,,10,,,,,,,,,,doi.org/10.1016/S1386-6532(02)00046-X
UL54:L773V,2,,,5,,,,,,,,,,doi.org/10.1016/S1386-6532(02)00046-X
UL97:M460V,10,,,1,,,,,,,,,,doi.org/10.1016/S1386-6532(02)00046-X
UL97:A427V,1,,,,,,,,,,,,,doi.org/10.1086/505882
UL97:V466M,1.3,,,,,,,,,,,,,doi.org/10.1128/AAC.00186-10
UL97:H469Y,1.2,,,,,,,,,,,,,doi.org/10.1128/AAC.00186-10
UL97:A478V,0.8,,,,,,,,,,,,,doi.org/10.1128/AAC.00186-10
UL97:N510S,1.2,,,,,,,,,,,,,doi.org/10.1128/AAC.00186-10
UL97:M550I,0.85,,,,,,,,,,,,,doi.org/10.1086/505882
UL97:A582V,0.82,,,,,,,,,,,,,doi.org/10.1086/505882
UL97:H587Y,1,,1,0.8,,,,,,,,,,doi.org/10.1128/AAC.49.7.2710-2715.2005
UL97:A588V,1.1,,,,,,,,,,,,,doi.org/10.1128/AAC.00186-10
UL97:N597D,1.4,,,,,,,,,,,,,doi.org/10.1002/jmv.21397
UL97:K599R,0.9,,,,,,,,,,,,,doi.org/10.1128/AAC.00186-10
UL97:L600I,1.4,,,,,,,,,,,,,doi.org/10.1128/AAC.00186-10
UL97:Y617H,0.84,,,,,,,,,,,,,doi.org/10.1086/505882
UL97:G623S,1.1,,,,,,,,,,,,,doi.org/10.1128/AAC.00186-10
UL97:T659I,1.3,,,,,,,,,,,,,doi.org/10.1128/AAC.00186-10
UL97:A674T,0.92,,,,,,,,,,,,,doi.org/10.1086/505882
UL97:C603W,1.1,,0.9,1.5,,,,,,,,,,doi.org/10.1086/514041
UL97:H469Y,1.3,,1.5,1.9,,,,,,,,,,doi.org/10.1086/514041
UL97:C603W,2,,0.8,2,,,,,,,,,,doi.org/10.1086/514041
UL54:413-,3.8,,5.8,1.3,5.2,,,,,,,,,doi.org/10.1128/AAC.00214-16
UL54:A809V,,,,4.3,,,,,,,,,,doi.org/10.1128/AAC.00214-16
UL54:E303G,7.3,,20,0.8,11,,,,,,,,,doi.org/10.1128/AAC.00214-16
UL54:E303D,6.3,,16,0.8,9.7,,,,,,,,,doi.org/10.1128/AAC.00214-16
UL54:N408K,3.9,,21,0.8,11,,,,,,,,,doi.org/10.1128/AAC.00214-16
UL54:D413Y,4.4,,9.3,1,6,,,,,,,,,doi.org/10.1128/AAC.00214-16
UL54:V812L,2.1,,3.1,2,2.4,,,,,,,,,doi.org/10.1128/AAC.00214-16
UL54:E303G,10,,34,1.4,17,,,,,,,,,doi.org/10.1128/AAC.00214-16
UL56:M3V,,,,,,1,,,,,,,,doi.org/10.1093/infdis/jiz577
UL56:V236M,,,,,,50.2,,,,,,,,doi.org/10.1093/infdis/jiz577
UL56:E237G,2.1,,1.4,1.3,,13,,,,,,,,doi.org/10.1093/infdis/jiz577
UL56:S255L,,,,,,1.1,,,,,,,,doi.org/10.1093/infdis/jiz577
UL56:C325W,1.2,,1,1.1,,8262,,,,,,,,doi.org/10.1093/infdis/jiz577
UL56:R369T,1.5,,1.2,1.1,,52,,,,,,,,doi.org/10.1093/infdis/jiz577
UL56:445-,,,,,,1,,,,,,,,doi.org/10.1093/infdis/jiz577
UL56:446-,,,,,,1,,,,,,,,doi.org/10.1093/infdis/jiz577
UL56:447-,,,,,,1,,,,,,,,doi.org/10.1093/infdis/jiz577
UL56:E485G,,,,,,0.9,,,,,,,,doi.org/10.1093/infdis/jiz577
UL56:Y575C,,,,,,0.9,,,,,,,,doi.org/10.1093/infdis/jiz577
UL56:F626S,,,,,,0.5,,,,,,,,doi.org/10.1093/infdis/jiz577
UL56:L726V,,,,,,1,,,,,,,,doi.org/10.1093/infdis/jiz577
UL56:T775I,,,,,,1,,,,,,,,doi.org/10.1093/infdis/jiz577
UL56:789-,,,,,,1,,,,,,,,doi.org/10.1093/infdis/jiz577
UL56:790-,,,,,,1,,,,,,,,doi.org/10.1093/infdis/jiz577
UL56:791-,,,,,,1,,,,,,,,doi.org/10.1093/infdis/jiz577
UL56:V814A,,,,,,1,,,,,,,,doi.org/10.1093/infdis/jiz577
UL56:R816W,,,,,,0.9,,,,,,,,doi.org/10.1093/infdis/jiz577
UL89:I531T,,,,,,1,,,,,,,,doi.org/10.1093/infdis/jiz577
UL54:Q579I,0.16,,,0.06,,,,,,,,,,doi.org/10.1128/AAC.01910-19
UL54:K805Q,1,,,0.19,,,,,,,,,,doi.org/10.1128/AAC.01910-19
UL54:E756K,12.7,,2.9,5.3,,,,,,,,,,doi.org/10.1128/jcm.02205-14
UL54:V526L,13.2,,2.7,1.7,,,,,,,,,,doi.org/10.1128/jcm.02205-14
UL54:V526L,18.9,,3.5,1.9,,,,,,,,,,doi.org/10.1128/jcm.02205-14
UL54:P744T,0.9,,1.1,1.1,,,,,,,,,,doi.org/10.1128/AAC.05559-11
UL54:W780V,1.5,,,1.9,,,,,,,,,,doi.org/10.1128/JVI.03360-14
UL97:C592G,3.1,,,,,,,,,,,,,doi.org/10.1016/j.antiviral.2021.105139
UL97:F342Y,5.9,,,,,,,,,4.2,,,,doi.org/10.1016/j.antiviral.2021.105139
UL97:Y335H,0.9,,,,,,,,,1,,,,doi.org/10.1016/j.antiviral.2021.105139
UL97:V345I,1.3,,,,,,,,,0.4,,,,doi.org/10.1016/j.antiviral.2021.105139
UL97:L348V,0.9,,,,,,,,,1.6,,,,doi.org/10.1016/j.antiviral.2021.105139
UL97:K359N,2.1,,,,,,,,,0.7,,,,doi.org/10.1016/j.antiviral.2021.105139
UL97:E362D,3.8,,,,,,,,,0.1,,,,doi.org/10.1016/j.antiviral.2021.105139
UL97:A378T,1,,,,,,,,,1.1,,,,doi.org/10.1016/j.antiviral.2021.105139
UL97:V388M,1.2,,,,,,,,,1.1,,,,doi.org/10.1016/j.antiviral.2021.105139
UL97:H415Y,1.1,,,,,,,,,0.6,,,,doi.org/10.1016/j.antiviral.2021.105139
UL97:A435V,1,,,,,,,,,0.6,,,,doi.org/10.1016/j.antiviral.2021.105139
UL97:C437Y,0.9,,,,,,,,,0.9,,,,doi.org/10.1016/j.antiviral.2021.105139
UL54:D301N,,0.2,14,,,,,,,,,,,doi.org/10.1016/j.antiviral.2021.105181
UL54:N408D,,0.2,3.3,,,,,,,,,,,doi.org/10.1016/j.antiviral.2021.105181
UL54:N408K,,0.1,32,,,,,,,,,,,doi.org/10.1016/j.antiviral.2021.105181
UL54:N410K,,0.7,2.5,,,,,,,,,,,doi.org/10.1016/j.antiviral.2021.105181
UL54:F412C,,0.2,17,,,,,,,,,,,doi.org/10.1016/j.antiviral.2021.105181
UL54:F412L,,0.2,12,,,,,,,,,,,doi.org/10.1016/j.antiviral.2021.105181
UL54:K513R,,3.6,14,,,,,,,,,,,doi.org/10.1016/j.antiviral.2021.105181
UL54:D515Y,,0.6,2.2,,,,,,,,,,,doi.org/10.1016/j.antiviral.2021.105181
UL54:L516P,,0.2,5.3,,,,,,,,,,,doi.org/10.1016/j.antiviral.2021.105181
UL54:P522S,,0.2,4.4,,,,,,,,,,,doi.org/10.1016/j.antiviral.2021.105181
UL54:L545W,,0.3,6.4,,,,,,,,,,,doi.org/10.1016/j.antiviral.2021.105181
UL54:Q578H,,8.6,2.9,Resistant,,,,,,,,,,doi.org/10.1016/j.antiviral.2021.105181
UL54:T700A,,4.6,1.7,Resistant,,,,,,,,,,doi.org/10.1016/j.antiviral.2021.105181
UL54:A809V,,5.2,2,Resistant,,,,,,,,,,doi.org/10.1016/j.antiviral.2021.105181
UL54:981-,,0.8,3.3,Resistant,,,,,,,,,,doi.org/10.1016/j.antiviral.2021.105181
UL54:982-,,0.8,3.3,Resistant,,,,,,,,,,doi.org/10.1016/j.antiviral.2021.105181
UL54:A987G,,0.4,7.7,,,,,,,,,,,doi.org/10.1016/j.antiviral.2021.105181
UL54:A987V,,1.6,0.9,Resistant,,,,,,,,,,doi.org/10.1016/j.antiviral.2021.105181
UL54:I580K,2.1,,,1.1,,,,,,,,,,doi.org/10.1128/AAC.00390-21
UL54:T584A,1,,,1,,,,,,,,,,doi.org/10.1128/AAC.00390-21
UL54:L586I,0.6,,,1,,,,,,,,,,doi.org/10.1128/AAC.00390-21
UL54:V694Q,0.5,,,1.6,,,,,,,,,,doi.org/10.1128/AAC.00390-21
UL54:Q697P,0.7,,,3.8,,,,,,,,,,doi.org/10.1128/AAC.00390-21
UL54:A719T,2.4,,,2.5,,,,,,,,,,doi.org/10.1128/AAC.00390-21
UL54:T700A,0.9,,0.7,7.6,,,,,,,,,,doi.org/10.3389/fmicb.2022.771978
UL54:H600L,11.1,,4.9,5.2,,,,,,,,,,doi.org/10.3389/fmicb.2022.771978
UL54:E756G,1,,1.8,8.8,,,,,,,,,,doi.org/10.3389/fmicb.2022.771978
UL54:H600L,1.4,,0.7,37,,,,,,,,,,doi.org/10.3389/fmicb.2022.771978
UL97:C480F,17.5,,,0.84,,,,,,10,,,,doi.org/10.1093/infdis/jiab029
UL56:R246C,0.6,,1.8,0.9,,0.8,,,,0.5,,,,doi.org/10.1128/spectrum.00191-22
UL51:D12E,,,,,,1.4,,,,,,,,doi.org/10.1016/j.antiviral.2022.105361
UL51:A95V,,,,,,13.8,,,,,,,,doi.org/10.1016/j.antiviral.2022.105361
UL51:V113L,,,,,,1.5,,,,,,,,doi.org/10.1016/j.antiviral.2022.105361
UL51:A95V,,,,,,128,,,,,,,,doi.org/10.1016/j.antiviral.2022.105361
UL56:V231L,,,,,,8.8,,,,,,,,doi.org/10.1016/j.antiviral.2022.105422
UL56:Q234R,,,,,,2,,,,,,,,doi.org/10.1016/j.antiviral.2022.105422
UL56:L243P,,,,,,1,,,,,,,,doi.org/10.1016/j.antiviral.2022.105422
UL56:S262C,,,,,,1,,,,,,,,doi.org/10.1016/j.antiviral.2022.105422
UL56:L328I,,,,,,1.4,,,,,,,,doi.org/10.1016/j.antiviral.2022.105422
UL56:H335Y,,,,,,0.8,,,,,,,,doi.org/10.1016/j.antiviral.2022.105422
UL56:E339G,,,,,,1.2,,,,,,,,doi.org/10.1016/j.antiviral.2022.105422
UL56:K350R,,,,,,1,,,,,,,,doi.org/10.1016/j.antiviral.2022.105422
UL56:V363I,,,,,,3.7,,,,,,,,doi.org/10.1016/j.antiviral.2022.105422
UL56:N368I,,,,,,1.3,,,,,,,,doi.org/10.1016/j.antiviral.2022.105422
UL56:R369K,,,,,,4.9,,,,,,,,doi.org/10.1016/j.antiviral.2022.105422
UL56:T399I,,,,,,0.8,,,,,,,,doi.org/10.1016/j.antiviral.2022.105422
UL54:G441S,Polymorphism,,Polymorphism,Polymorphism,,,,,,,,,,doi.org/10.1093/infdis/jiac349
UL54:A543V,,,Resistant,,,,,,,,,,,doi.org/10.1093/infdis/jiac349
UL54:F460S,Polymorphism,,Polymorphism,Polymorphism,,,,,,,,,,doi.org/10.1093/infdis/jiac349
UL54:R512C,Polymorphism,,Polymorphism,Polymorphism,,,,,,,,,,doi.org/10.1093/infdis/jiac349
UL54:A928T,Resistant,,Resistant,Resistant,,,,,,,,,,doi.org/10.1093/infdis/jiac349
UL56:F345L,1.42,,1.67,1,,1,,,,,,,,doi.org/10.1093/infdis/jiac349
UL56:P800L,0.23,,0.13,1,,1.1,,,,,,,,doi.org/10.1093/infdis/jiac349
UL56:V231L,,,,,,5.6,,,,,,,,doi.org/10.1016/j.antiviral.2017.10.019
UL56:L241P,,,,,,173,,,,,,,,doi.org/10.1016/j.antiviral.2017.10.019
UL56:R369M,,,,,,16,,,,,,,,doi.org/10.1016/j.antiviral.2017.10.019
UL89:D344E,,,,,,1.6,,,,,,,,doi.org/10.1016/j.antiviral.2017.10.019
UL56:V231L,,,,,,8.1,,,,,,,,doi.org/10.1128/AAC.00922-18
UL56:V236M,,,,,,49,,,,,,,,doi.org/10.1128/AAC.00922-18
UL56:L257F,,,,,,14,,,,,,,,doi.org/10.1128/AAC.00922-18
UL56:C325Y,,,,,,8800,,,,,,,,doi.org/10.1128/AAC.00922-18
UL27:R448P,,,,,,,,,,1.5,,,,doi.org/10.1016/j.antiviral.2012.05.013
UL27:D534Y,,,,,,,,,,1.4,,,,doi.org/10.1016/j.antiviral.2012.05.013
UL97:I324V,,,,,,,,,,0.6,,,,doi.org/10.1016/j.antiviral.2012.05.013
UL97:S334G,,,,,,,,,,1.1,,,,doi.org/10.1016/j.antiviral.2012.05.013
UL27:R233S,,,,,,,,,,2,,,,doi.org/10.1016/j.antiviral.2012.05.013
UL97:L337M,,,,,,,,,,7.2,,,,doi.org/10.1016/j.antiviral.2012.05.013
UL97:V353A,,,,,,,,,,12,,,,doi.org/10.1016/j.antiviral.2012.05.013
UL97:S386L,,,,,,,,,,0.9,,,,doi.org/10.1016/j.antiviral.2012.05.013
UL97:M460V,6,,,,,,,,,1,,,,https://journals.asm.org/doi/full/10.1128/aac.46.8.2365-2372.2002
UL97:H520E,5.2,,,,,,,,,1.6,,,,https://journals.asm.org/doi/full/10.1128/aac.46.8.2365-2372.2002
UL97:A594V,6,,,,,,,,,,,,,https://journals.asm.org/doi/full/10.1128/aac.46.8.2365-2372.2002
UL54:T700A,2.2,,,,,,,,,0.8,,,,https://journals.asm.org/doi/full/10.1128/aac.46.8.2365-2372.2002
UL97:L397R,1,,,,,,,,,34,,,,https://journals.asm.org/doi/full/10.1128/aac.46.8.2365-2372.2002
UL27:V353A,,,,,,,,,,16,,,,doi.org/10.1128/AAC.01177-08
UL97:V353A,1.7,,,,,,,,,15,,,,doi.org/10.1128/JVI.01787-07
UL97:H587Y,1,,,,,,,,,1,,,,doi.org/10.1128/JVI.01787-07
UL27:R233S,,,,,,,,,,4.7,,,,doi.org/10.1128/jvi.78.13.7124-7130.2004
UL27:W362R,,,,,,,,,,2,,,,doi.org/10.1128/jvi.78.13.7124-7130.2004
UL97:M460V,7,,,,,,,,,0.3,,,,doi.org/10.1086/518514
UL97:V353A,,,,,,,,,,10,,,,doi.org/10.1128/AAC.00511-13
UL97:M460I,,,,,,,,,,,11,,,doi.org/10.1128/AAC.00511-13
UL97:C592G,2.7,,,,,,,,,,,,,doi.org/10.1128/AAC.00511-13
UL97:A594V,8.3,,,,,,,,,,,,,doi.org/10.1128/AAC.00186-10
UL97:C603R,8.3,,,,,,,,,,,,,doi.org/10.1128/AAC.00186-10
UL97:V665I,1.1,,,,,,,,,,,,,doi.org/10.1128/AAC.00186-10
UL97:K355M,25,,,,,,,,,,13,,,doi.org/10.1128/aac.01726-13
UL97:C592G,2.5,,,,,,,,,,,,,doi.org/10.1086/338362
UL97:L634Q,1.1,,,,,,,,,,,,,doi.org/10.1086/338362
UL97:C607F,1.6,,,,,,,,,,,,,doi.org/10.1086/338362
UL97:L595S,4.9,,,,,,,,,,,,,doi.org/10.1086/338362
UL97:C592G,2.6,,,,,,,,,,,,,doi.org/10.1086/338362
UL97:L595F,1,,0.4,1.5,,,,,,,,,,doi.org/10.1086/514041
UL97:A594V,1.7,,1.7,1.1,,,,,,,,,,doi.org/10.1086/514041
UL97:M460V,1.7,,1.2,0.9,,,,,,,,,,doi.org/10.1086/514041
UL97:M460I,2.2,,1,0.6,,,,,,,,,,doi.org/10.1086/514041
UL97:L595S,4,,1,1,,,,,,,,,,doi.org/10.1086/342844
UL97:H520Q,3.2,,0.5,1.5,,,,,,,,,,doi.org/10.1086/342844
UL97:A594P,2.6,,2.5,0.7,,,,,,,,,,doi.org/10.1086/342844
UL54:F412S,2.3,,16,1,,,,,,,,,,doi.org/10.1086/342844
UL97:A594V,1.8,,,,,,,,,,,,,doi.org/10.1086/342844
UL97:C607Y,4,,,,,,,,,,,,,doi.org/10.1086/342844
UL97:L595F,7,,,,,,,,,,,,,doi.org/10.1172/jci117648
UL97:T659I,4,,,,,,,,,,,,,doi.org/10.1172/jci117648
UL54:V715M,1,,,5.5,,,,,,,,,,https://journals.asm.org/doi/10.1128/JVI.70.3.1390-1395.1996
UL54:N495K,1,,2.5,5.6,,,,,,,,,,doi.org/10.1016/j.antiviral.2008.09.009
UL54:L545S,8,,10,,,,,,,,,,,doi.org/10.1016/j.antiviral.2008.09.009
UL97:A594V,10,,,,,,,,,,,,,doi.org/10.1086/516446
UL97:A594T,5,,,,,,,,,,,,,doi.org/10.1086/516446
UL97:C603W,Resistant,,Polymorphism,Polymorphism,,,,,,,,,,doi.org/10.1093/jac/dkq368
UL54:A834P,Resistant,,Resistant,Resistant,,,,,,,,,,doi.org/10.1093/jac/dkq368
UL97:M460V,8.2,,,,,,,,,,,,,doi.org/10.1016/j.jcv.2006.11.005
UL54:D413A,6.5,,10,0.8,,,,,,,,,,doi.org/10.1016/j.jcv.2006.11.005
UL54:D588N,3.8,,2.7,3.2,,,,,,,,,,doi.org/10.1128/JCM.43.1.208-213.2005
UL97:C592F,4,0.8,1.8,1.6,,,,,,,,,,doi.org/10.1002/jmv.2003
UL97:K599M,1.5,1.6,1,3.8,,,,,,,,,,doi.org/10.1002/jmv.2003
UL54:F412C,3.6,,10,2.5,,,,,,,,,,doi.org/10.1086/517302
UL54:L802M,3.6,,1.8,11,,,,,,,,,,doi.org/10.1086/517302
UL97:D605E,0.6,,,,,,,,,,,,,doi.org/10.1016/S0166-3542(01)00202-9
UL97:A594P,4.6,,,,,,,,,,,,,doi.org/10.1016/S0166-3542(01)00202-9
UL97:A594P,3.8,,,,,,,,,,,,,doi.org/10.1016/S0166-3542(01)00202-9
UL97:M460V,5.9,,,,,,,,,,,,,https://www.sciencedirect.com/science/article/abs/pii/S1386653215002759
UL97:I610T,2.6,,,,,,,,,,,,,https://www.sciencedirect.com/science/article/abs/pii/S1386653215002759
UL97:E596D,1.3,,,,,,,,,,,,,https://www.sciencedirect.com/science/article/abs/pii/S1386653215002759
UL54:D515E,2.4,,1.6,1.1,,,,,,,,,,https://www.sciencedirect.com/science/article/abs/pii/S1386653215002759
UL54:I521T,2.1,,4.9,1,,,,,,,,,,https://www.sciencedirect.com/science/article/abs/pii/S1386653215002759
UL54:L516M,1.3,,1.1,1.2,,,,,,,,,,doi.org/10.1016/j.antiviral.2013.09.026
UL97:M460V,15.5,,,,,,,,,,,,,doi.org/10.1016/j.antiviral.2013.09.026
UL97:M615V,1.1,,,,,,,,,,,,,doi.org/10.1016/j.jcv.2010.01.009
UL97:C603R,3.6,,,,,,,,,,,,,doi.org/10.1016/j.jcv.2010.01.009
UL97:C592G,3,,,,,,,,,,,,,doi.org/10.1128/jcm.00391-17
UL97:A594V,6.5,,,,,,,,,,,,,doi.org/10.1128/jcm.00391-17
UL97:A591V,3.8,,,,,,,,,,,,,doi.org/10.1128/jcm.00391-17
UL97:K599E,1.2,,,,,,,,,,,,,doi.org/10.1128/jcm.00391-17
UL97:T601M,1,,,,,,,,,,,,,doi.org/10.1128/jcm.00391-17
UL54:L897S,1,,1,0.9,,,,,,,,,,doi.org/10.1128/AAC.49.7.2710-2715.2005
UL97:M460V,9,,,,,,,,,,,,,doi.org/10.1128/AAC.49.7.2710-2715.2005
UL97:C592G,3,,1.4,1,,,,,,,,,,doi.org/10.1128/AAC.49.7.2710-2715.2005
UL97:A594V,9,,,,,,,,,,,,,doi.org/10.1128/AAC.49.7.2710-2715.2005
UL54:N408H,2,,3.3,1.1,,,,,,,,,,doi.org/10.1093/infdis/jiad293
UL54:L501F,2.6,,3.8,1.3,,,,,,,,,,doi.org/10.1093/infdis/jiad293
UL54:T503A,3.1,,3.7,1.5,,,,,,,,,,doi.org/10.1093/infdis/jiad293
UL54:K513Q,6.6,,18,1,,,,,,,,,,doi.org/10.1093/infdis/jiad293
UL54:P522T,2.1,,2,1.4,,,,,,,,,,doi.org/10.1093/infdis/jiad293
UL54:L545F,4,,11,1.2,,,,,,,,,,doi.org/10.1093/infdis/jiad293
UL54:C590F,1.6,,1.6,2.3,,,,,,,,,,doi.org/10.1093/infdis/jiad293
UL97:A594P,8.1,,,,,,,,,,,,,doi.org/10.1093/infdis/jiad293
UL97:E596Q,2.7,,,,,,,,,,,,,doi.org/10.1093/infdis/jiad293
UL54:V715M,1.2,,,3.7,,,,,,,,,,doi.org/10.1016/j.antiviral.2021.105046
UL54:V715S,2.9,,,2.8,,,,,,,,,,doi.org/10.1016/j.antiviral.2021.105046
UL56:V231L,,,,,,8.1,,,,,,,,doi.org/10.1016/j.antiviral.2024.105935
UL56:S229Y,,,,,,2,,,,,,,,doi.org/10.1016/j.antiviral.2024.105935
UL56:M329I,,,,,,0.77,,,,,,,,doi.org/10.1016/j.antiviral.2024.105935
UL97:G343A,8.5,,,,,,,,,126,,,,doi.org/10.1093/infdis/jiae469
UL97:C592G,3.2,,,,,,,,,,,,,doi.org/10.1093/infdis/jiae469
UL97:H411Y,,,,,,,,,,17,,,,doi.org/10.1093/infdis/jiae469
UL97:G343A,7.9,,,,,,,,,272,,,,doi.org/10.1093/infdis/jiae469
UL97:V466G,2.9,,1.2,1,,0.5,,,,,,,,doi.org/10.1016/j.antiviral.2022.105328
UL97:C603R,3.5,,1.4,1.5,,1.3,,,,,,,,doi.org/10.1016/j.antiviral.2022.105328
UL54:N408D,2.1,,3,1.1,,1.4,,,,,,,,doi.org/10.1016/j.antiviral.2022.105328
UL54:K500N,2.9,,5.8,1.2,,0.5,,,,,,,,doi.org/10.1016/j.antiviral.2022.105328
UL54:C539R,2.2,,5,0.5,,1.1,,,,,,,,doi.org/10.1016/j.antiviral.2022.105328
UL54:L545S,2,,5.1,1.3,,0.4,,,,,,,,doi.org/10.1016/j.antiviral.2022.105328
UL54:T552N,1.9,,1.4,4.8,,1.7,,,,,,,,doi.org/10.1016/j.antiviral.2022.105328
UL54:Q578L,2.6,,1.9,3.2,,0.9,,,,,,,,doi.org/10.1016/j.antiviral.2022.105328
UL54:S585A,1.2,,1.7,3.6,,1,,,,,,,,doi.org/10.1016/j.antiviral.2022.105328
UL54:V787L,2,,1.8,2.9,,1.4,,,,,,,,doi.org/10.1016/j.antiviral.2022.105328
UL54:L802M,2.1,,1.6,3.6,,0.7,,,,,,,,doi.org/10.1016/j.antiviral.2022.105328
UL54:V812L,2.2,,3.5,1.1,,1.9,,,,,,,,doi.org/10.1016/j.antiviral.2022.105328
UL54:T821I,2.7,,1.5,2.9,,1.1,,,,,,,,doi.org/10.1016/j.antiviral.2022.105328
UL54:P829S,3.7,,1.2,0.9,,0.5,,,,,,,,doi.org/10.1016/j.antiviral.2022.105328
UL54:L957F,2.1,,1.7,1.8,,1.4,,,,,,,,doi.org/10.1016/j.antiviral.2022.105328
UL54:N408D,2.4,,1.8,2.9,,1.9,,,,,,,,doi.org/10.1016/j.antiviral.2022.105328
UL54:K500N,2.3,,2.8,2.8,,0.7,,,,,,,,doi.org/10.1016/j.antiviral.2022.105328
UL54:N408D,2.3,,2.3,3.5,,0.9,,,,,,,,doi.org/10.1016/j.antiviral.2022.105328
UL54:L545S,3.2,,4.1,1.8,,1.8,,,,,,,,doi.org/10.1016/j.antiviral.2022.105328
UL56:V236M,1.4,,1.2,0.6,,20,,,,1.1,,,,doi.org/10.1016/j.antiviral.2022.105328
UL56:C325F,1.2,,1.2,0.6,,4337,,,,1.2,,,,doi.org/10.1016/j.antiviral.2022.105328
UL97:L337M,1.3,,0.5,0.9,,1,,,,2.7,,,,doi.org/10.1016/j.antiviral.2022.105328
UL97:F342S,16.5,,0.8,1,,1,,,,35,,,,doi.org/10.1016/j.antiviral.2022.105328
UL97:L397R,1.4,,0.9,1,,1.1,,,,121,,,,doi.org/10.1016/j.antiviral.2022.105328
UL97:T409M,0.9,,0.8,1.1,,1.2,,,,83,,,,doi.org/10.1016/j.antiviral.2022.105328
UL97:H411Y,0.4,,0.6,0.4,,1.2,,,,20,,,,doi.org/10.1016/j.antiviral.2022.105328
UL97:P521L,46,,0.7,1.9,,1,,,,94,,,,doi.org/10.1016/j.antiviral.2022.105328
UL54:E756K,1.9,,3,3.9,,,,,,,,,,doi.org/10.1128/jcm.01275-13
UL97:A594V,8.2,,,,,,,,,,,,,doi.org/10.1128/jcm.01275-13
UL97:A594V,10.8,,2,4.1,,,,,,,,,,doi.org/10.1128/jcm.01275-13
UL97:H587Y,1.2,,,,,,,,,,,,,doi.org/10.1097/TP.0b013e3181fdd9d2
UL97:C592G,3.2,,,,,,,,,,,,,doi.org/10.1097/TP.0b013e3181fdd9d2
UL97:C603W,8.3,,,,,,,,,,,,,doi.org/10.1097/TP.0b013e3181fdd9d2
UL54:P522S,2.4,,,,,,,,,,,,,doi.org/10.1097/TP.0b013e3181fdd9d2
UL54:A987G,6.2,,,,,,,,,,,,,doi.org/10.1097/TP.0b013e3181fdd9d2
UL97:A440V,1.2,,,,,,,,,,,,,doi.org/10.1097/TP.0b013e3181fdd9d2
UL97:A442G,12,,,,,,,,,,,,,doi.org/10.1097/TP.0b013e3181fdd9d2
UL54:E315D,0.9,,,,,,,,,,,,,doi.org/10.1097/TP.0b013e3181fdd9d2
UL54:F357L,1.2,,,,,,,,,,,,,doi.org/10.1097/TP.0b013e3181fdd9d2
UL54:V377A,1.2,,,,,,,,,,,,,doi.org/10.1097/TP.0b013e3181fdd9d2
UL54:P448S,1.2,,,,,,,,,,,,,doi.org/10.1097/TP.0b013e3181fdd9d2
UL54:R512H,1.4,,,,,,,,,,,,,doi.org/10.1097/TP.0b013e3181fdd9d2
UL54:C524R,1.2,,,,,,,,,,,,,doi.org/10.1097/TP.0b013e3181fdd9d2
UL54:E530G,1.3,,,,,,,,,,,,,doi.org/10.1097/TP.0b013e3181fdd9d2
UL54:D576G,1.3,,,,,,,,,,,,,doi.org/10.1097/TP.0b013e3181fdd9d2
UL54:A635T,1.5,,,,,,,,,,,,,doi.org/10.1097/TP.0b013e3181fdd9d2
UL54:P648S,1.2,,,,,,,,,,,,,doi.org/10.1097/TP.0b013e3181fdd9d2
UL54:S649P,1.2,,,,,,,,,,,,,doi.org/10.1097/TP.0b013e3181fdd9d2
UL54:V694I,1,,,,,,,,,,,,,doi.org/10.1097/TP.0b013e3181fdd9d2
UL54:I837V,0.8,,,,,,,,,,,,,doi.org/10.1097/TP.0b013e3181fdd9d2
UL54:L897P,0.9,,,,,,,,,,,,,doi.org/10.1097/TP.0b013e3181fdd9d2
UL54:G993D,1.1,,,,,,,,,,,,,doi.org/10.1097/TP.0b013e3181fdd9d2
UL97:M460V,4.5,,,,,,,,,,,,,doi.org/10.1093/infdis/171.3.576
UL97:A594V,11,,,,,,,,,,,,,doi.org/10.1093/infdis/171.3.576
UL97:L595S,13,,,,,,,,,,,,,doi.org/10.1093/infdis/171.3.576
UL97:M460V,10,,,,,,,,,,,,,
UL97:A594T,2.7,,,,,,,,,,,,,
UL97:A594T,3.1,,,,,,,,,,,,,
UL97:C603W,2,,,,,,,,,,,,,
UL54:981-,7,,4,4,,,,,,,,,,doi.org/10.1086/317618
UL54:982-,7,,4,4,,,,,,,,,,doi.org/10.1086/317618
UL97:D605E,0.5,,,,,,,,,,,,,10.1016/j.antiviral.2009.08.005
UL97:M460V,8.3,,,,,,,,,,,,,10.1016/j.antiviral.2009.08.005
UL97:M460V,14,,,,,,,,,,,,,10.1016/j.antiviral.2009.08.005
UL97:A594P,3.2,,,,,,,,,,,,,10.1016/j.antiviral.2009.08.005
UL97:A594P,4,,,,,,,,,,,,,10.1016/j.antiviral.2009.08.005
UL97:L397R,2.6,,2,1.3,,,,,,171,,,,https://www.sciencedirect.com/science/article/abs/pii/S1386653206002538
UL97:M460V,8.2,,,,,,,,,0.4,,,,https://www.sciencedirect.com/science/article/abs/pii/S1386653206002538
UL97:A594V,10.4,,,,,,,,,2.2,,,,https://www.sciencedirect.com/science/article/abs/pii/S1386653206002538
UL97:C592G,3.9,,,,,,,,,1.4,,,,https://www.sciencedirect.com/science/article/abs/pii/S1386653206002538
UL97:L595S,8.6,,,,,,,,,1.8,,,,https://www.sciencedirect.com/science/article/abs/pii/S1386653206002538
UL54:A809V,2.1,,1.8,4,,,,,,0.4,,,,https://www.sciencedirect.com/science/article/abs/pii/S1386653206002538
UL54:981-,4.6,,3.3,2.5,,,,,,0.6,,,,https://www.sciencedirect.com/science/article/abs/pii/S1386653206002538
UL54:982-,4.6,,3.3,2.5,,,,,,0.6,,,,https://www.sciencedirect.com/science/article/abs/pii/S1386653206002538
UL54:N408K,6.5,,20,0.8,,,,,,0.5,,,,https://www.sciencedirect.com/science/article/abs/pii/S1386653206002538
UL54:S291P,,,,1.7,,,,,,,,,,doi.org/10.1016/j.jviromet.2005.01.005
UL54:K415R,,,,1.5,,,,,,,,,,doi.org/10.1016/j.jviromet.2005.01.005
UL54:V715M,,,,65,,,,,,,,,,doi.org/10.1016/j.jviromet.2005.01.005
UL54:E756K,,,,31,,,,,,,,,,doi.org/10.1016/j.jviromet.2005.01.005
UL54:N495K,,,,5,,,,,,,,,,doi.org/10.1016/j.jviromet.2005.01.005
UL54:K805Q,0.8,,,0.3,,,,,,,,,,doi.org/10.3851/IMP156
UL54:T821I,5.3,,,23.3,,,,,,,,,,doi.org/10.3851/IMP156
UL54:K805Q,2,,2,2,2,,,,,2,,,,doi.org/10.3851/IMP156
UL54:T821I,5.5,,5.5,5.5,5.5,,,,,5.5,,,,doi.org/10.3851/IMP156
UL54:L501F,22,,10,,,,,,,,,,,doi.org/10.1007/s007050050072
UL97:C480R,,,,,,,,,,,9.2,,,doi.org/10.1128/aac.01726-13
UL97:617-,,,,,,,,,,,18,,,doi.org/10.1128/aac.01726-13
UL97:D456N,,,,,,,,,,,4.6,,,doi.org/10.1128/aac.01726-13
UL54:V781I,4.7,,,4.2,,,,,,,,,,doi.org/10.1016/S1386-6532(01)00160-3
UL56:V236M,1.4,,0.9,0.6,0.9,31,,,,,,,,doi.org/10.1128/aac.01044-17
UL54:E756K,7.1,,1.8,3.5,2.8,1.4,,,,,,,,doi.org/10.1128/aac.01044-17
