Mutation,Ensitrelvir,Nirmatrelvir
nsp5:T21I,very_low,very_low
nsp5:T25A,high,high
nsp5:T25N,high,very_low
nsp5:T45I,low,very_low-P
nsp5:D48Y,medium,very_low-P
nsp5:M49I,high,very_low-P
nsp5:M49L,high,very_low-P
nsp5:M49T,low,very_low-P
nsp5:M49-,,low-P
nsp5:L50F,very_low,very_low-P
nsp5:G138S,,low
nsp5:F140L,,medium
nsp5:F140S,,high
nsp5:N142D,low,very_low-P
nsp5:N142L,,low-P
nsp5:N142S,low,very_low-P
nsp5:G143S,high,high-P
nsp5:S144A,high,medium-P
nsp5:S144E,,high-P
nsp5:S144L,,high-P
nsp5:S144P,,high-P
nsp5:C160F,,very_low
nsp5:M165R,,high-P
nsp5:M165T,,high-P
nsp5:E166A,medium,high-P
nsp5:E166G,,medium-P
nsp5:E166K,,high-P
nsp5:E166Q,,low-P
nsp5:E166V,high,high-P
nsp5:L167F,high,medium-P
nsp5:P168-,medium,medium-P
nsp5:T169I,very_low,very_low-P
nsp5:H172L,,high-P
nsp5:H172N,,high-P
nsp5:H172Q,,medium-P
nsp5:H172Y,,high-P
nsp5:A173T,very_low,low
nsp5:A173V,very_low,medium
nsp5:V186A,,
nsp5:R188G,,high-P
nsp5:R188S,medium,low-P
nsp5:Q189I,,low-P
nsp5:Q189K,very_low,medium-P
nsp5:T190I,low,very_low-P
nsp5:A191T,low,very_low-P
nsp5:A191V,low,very_low-P
nsp5:Q192A,,high-P
nsp5:Q192C,,high-P
nsp5:Q192D,,high-P
nsp5:Q192E,,high-P
nsp5:Q192F,,high-P
nsp5:Q192G,,high-P
nsp5:Q192H,,high-P
nsp5:Q192I,,high-P
nsp5:Q192K,,high-P
nsp5:Q192L,,high-P
nsp5:Q192N,,low-P
nsp5:Q192P,,medium-P
nsp5:Q192R,low,high-P
nsp5:Q192S,,high-P
nsp5:Q192T,,high-P
nsp5:Q192V,,high-P
nsp5:Q192W,,high-P
nsp5:Q192Y,,high-P
nsp5:A193P,,
nsp5:A194S,,low
nsp5:P252L,very_low,medium
nsp5:V297A,,low
nsp5:S301P,,
nsp5:T304I,very_low,low
nsp5:F305L,,
