Mutation,Adintrevimab,Amubarvimab,Bamlanivimab,Bebtelovimab,Casirivimab,Cilgavimab,Etesevimab,Imdevimab,Regdanvimab,Romlusevimab,Sotrovimab,Tixagevimab
S:P337H,,,,,,,,,,,medium+,
S:P337L,,,,,,,,medium,,,high+,
S:P337R,,,,,,,,,,,high+,
S:P337S,,,,,,,,,,,low+,
S:P337T,,,,,,,,,,,medium+,
S:E340A,,,,,,,,,,,high+,
S:E340D,,,,,,,,,,,medium+,
S:E340G,,,,,,,,,,,medium+,
S:E340K,,,,,,,low,,,,high+,
S:E340Q,,,,,,,,,,,high+,
S:E340V,,,,,,,,,,,high,
S:T345P,,,,,,,,,,,,
S:R346G,,,,,,,,,,,low,
S:R346I,,,,,,high+,,,,,low,
S:R346K,low,low,low,low,low,low,low,low,low,medium,low,low
S:R346S,,,,low,,,low,,,,low,
S:R346T,,,,,,,,,,,low,
S:K356Q,,,,,,,,,,,low+,
S:K356T,,,,,,,,,,,medium+,
S:S371F,high,high,low,low,medium,low,high,high,medium,medium,medium,high
S:S371L,medium,medium,low,low,low,low,medium,medium,low,medium,medium,low
S:D405E,,,,,,,,,,,,
S:D405N,low,low,low,low,medium,low,medium+,low,low,low,low,low
S:E406D,,,,,high,,,,,,,
S:K417E,,,,low,high+,low,,low,,,low,
S:K417H,,,,,,,,,,,,
S:K417I,,,,,,,,,,,,
S:K417M,,,,,,,,,,,,
S:K417N,low,low,low,low,medium,low,high+,low,low,low,low,low
S:K417R,,,,,high,,,,,,,
S:K417S,,,,,,,,,,,,
S:K417T,,low,,low,medium,,high+,low,low,low,low,
S:D420A,,,,,,,,,,,,
S:D420N,,,low,low,,,high+,,,,,
S:N439K,,low,low,low,low,low,low,high,,low,low,
S:N440D,,,,low,,,,,,,low,
S:N440E,,,,,,,,,,,low,
S:N440I,,,,,,,,,,,low,
S:N440K,low,low,low,low,low,low,low,high+,low,low,low,low
S:N440R,,,,,,,,,,,,
S:N440T,,,,,,,,,,,low,
S:N440Y,,,,,,,,,,,low,
S:S443Y,,,,,,,,,,,,
S:K444E,,,,,,high+,,,,,,
S:K444F,,,,,,,,,,,,
S:K444I,,,,,,,,,,,,
S:K444L,,,,,,,,high+,,,,
S:K444M,,,,,,,,high+,,,,
S:K444N,,,,high+,,,,high+,,,,
S:K444R,,,,,,high+,,,,,,
S:K444T,,,,high+,low,,,high+,,,,
S:V445A,,,,high,low,high,,high+,,,low,
S:V445D,,,,,,,,,,,,
S:V445F,,,,high+,,,,,,,,
S:V445I,,,,,,,,,,,,
S:V445L,,,,,,,,,,,,
S:G446A,,,,,,,,,,,,
S:G446D,,,,high,,,,,,,,
S:G446I,,,,,,,,,,,,
S:G446N,,,,,,,,,,,,
S:G446R,,,,medium,,,,,,,,
S:G446S,low,low,low,low,low,low,low,high+,low,low,low,low
S:G446T,,,,,,,,,,,,
S:G446V,,low,,low,low,low,low,high+,,,low,
S:G447C,,,,,,,,,,,,
S:G447D,,,,,,,,,,,,
S:G447F,,,,,,,,,,,,
S:G447S,,,,,,,,,,,,
S:G447V,,,,,,,,,,,,
S:N448D,,,,,,,,,,,,
S:N448K,,,,,,,,,,,,
S:N448T,,,,,,,,,,,,
S:N448Y,,,,,,,,,,,,
S:Y449D,,,,,,,,,,,,
S:N450D,,,,,low,high+,,medium,,,,
S:N450K,,,,low,,medium,low,,,,low,
S:L452M,low,low,low,low,low,low,low,low,,medium,low,low
S:L452Q,low,low,low,low,low,low,low,low,,medium,low,low
S:L452R,low,low,high+,low,low,medium,low,low,high,high,low,low
S:L452W,,,,,,,,,,,,
S:Y453F,,low,low,low,high+,low,low,low,,low,low,
S:Y453H,,,,,,,,,,,,
S:L455F,,,,,high+,low,,low,,,low,low
S:L455M,,,,,,,,,,,,
S:L455S,,,,,,,,,,,,
S:L455W,,,,,,,,,,,,
S:F456C,,,,,,,,,,,,
S:F456L,,,,,,,,,,,,
S:F456V,,,,,,,,,,,,
S:S459P,,,,,,,,,,,,
S:N460D,,,,,,,,,,,,
S:N460H,,,,,,,,,,,,
S:N460I,,,,,,,,,,,,
S:N460K,,medium,low,low,low,low,high+,low,,low,low,low
S:N460S,,,low,low,,,high+,,,,,
S:N460T,,,low,,,,high+,,,,low,
S:N460Y,,,low,,,,high+,,,,,
S:A475D,,,,,,,,,,,,
S:A475V,,high,,,,low,medium+,,,,low,
S:G476D,,,,,,,,,,,,
S:G476R,,,,,,,,,,,,
S:G476T,,,,,,,,,,,,
S:V483A,,low,high,low,low,,low,low,,,,
S:E484A,low,medium,high+,low,medium,low,low,low,low,low,low,medium
S:E484D,,,high+,low,,,,,,,,medium
S:E484G,,,,,,,,,,,,
S:E484K,,low,high+,low,medium,low,low,low,medium,low,low,medium
S:E484P,,,,,,,,,,,,
S:E484Q,,low,high+,low,medium,,low,low,,low,low,low
S:E484R,,,,,,,,,,,,
S:E484S,,,,,,,,,,,,
S:E484T,,,,,,,,,,,,
S:E484V,,,,,,,,,,,,
S:G485D,,,,,low,,,low,,,,
S:G485R,,,,,,,,,,,,
S:F486D,,,,,,,,,,,,
S:F486I,,,,low,,,,,,,,
S:F486L,,low,,,high+,,medium,low,,low,low,
S:F486N,,,,,,,,,,,,
S:F486P,,,,,,,,,,,,
S:F486S,,,,,high+,,,low,,,,high+
S:F486T,,,,,,,,,,,,
S:F486V,low,medium,high+,low,high+,low,medium+,low,,low,low,high+
S:N487D,,,,,,,,,,,,
S:N487H,,,,,,,,,,,,
S:N487S,,,,,,,,,,,,
S:Y489H,,,,low,,,,,,,low,
S:Y489W,,,,,,,,,,,,
S:F490G,,,,,,,,,,,,
S:F490I,,,,,,,,,,,,
S:F490L,,low,high,low,low,,low,low,,,,
S:F490R,,,,,,,,,,,,
S:F490S,,low,high+,low,low,low,low,low,,high,low,
S:F490V,,,,,,,,,,,,
S:F490Y,,,,,,,,,,,,
S:Q493D,,,,,,,,,,,,
S:Q493E,,,,,high+,,,,,,,
S:Q493H,,,medium,,,,low,,,,,
S:Q493K,,,high+,low,high+,low,high+,low,,,low,low
S:Q493L,,,medium,,,,low,,,,low,
S:Q493R,low,medium,high+,low,high+,low,high+,low,high,low,low,medium
S:Q493V,,,,,,,,,,,,
S:S494P,,low,high+,low,low,low,low,low,,low,low,
S:S494R,,,high+,low,low,,low,low,,,,
S:G496S,low,low,low,low,low,low,low,medium,low,low,low,low
S:Q498H,,,,,,,,medium,,,,
S:P499H,,,,high+,,,,,,,,
S:P499R,,,,high+,,,,,,,,
S:P499S,,,,high,,,,high+,,,,
S:P499T,,,,,,,,,,,,
S:N501T,,,low,,,,medium,,,,,
S:N501Y,low,low,low,low,low,low,medium,low,low,low,low,low
S:G504C,,,,,,,,,,,,
S:G504D,,,,,,,,,,,,
S:G504I,,,,,,,,,,,,
S:G504L,,,,,,,,,,,,
S:G504N,,,,,,,,,,,,
S:G504R,,,,,,,,,,,,
S:G504V,,,,,,,,,,,,
S:P507A,,,,,,,,,,,,
S:N856K,low,low,low,low,low,low,medium,low,low,low,low,low
S:N969K,low,low,low,low,low,low,medium,low,low,low,low,low
S:E990A,,,,,,,,,,,,medium
S:T1009I,,,,,,,,,,,,medium
